Exercise Minutes,Coffees,Av HR,Eat after 9pm,Steps,Age,Hours awake,Day,Sleep Rating
34,3,63,1,10484,51,19,2,2
5,2,68,0,5696,54,17,1,1
65,2,60,1,5199,42,11,2,3
57,1,50,1,6816,26,11,1,4
61,3,45,0,4561,35,13,7,4
57,3,51,1,8591,84,14,2,3
7,3,58,0,2900,60,16,7,1
24,1,49,1,1207,21,15,7,2
54,2,66,0,9625,27,13,3,3
25,1,63,0,7607,79,15,3,1
47,2,51,1,3994,66,18,6,2
73,1,49,1,2364,61,14,7,3
51,0,49,0,5670,44,11,3,4
109,2,58,1,6920,22,15,2,4
48,0,50,0,1709,55,12,6,3
115,1,48,0,5850,38,14,2,4
37,2,49,0,4929,32,22,4,3
7,0,49,1,6912,20,14,7,3
28,2,44,1,5237,81,11,1,2
24,3,53,1,7217,77,18,1,1
32,2,51,1,7299,21,13,2,3
5,1,67,1,7279,21,17,3,1
73,2,66,1,11965,71,15,3,3
53,1,67,1,3320,75,14,5,1
31,2,64,0,11686,61,14,3,2
79,1,40,0,4698,32,12,2,4
45,1,69,1,6275,54,14,2,2
57,1,56,1,3144,48,14,3,3
13,1,46,1,8541,39,13,6,3
81,0,57,1,7623,18,16,2,4
119,2,67,1,10373,52,10,1,4
35,0,60,1,3080,67,18,4,1
54,1,53,0,7387,67,16,3,3
60,2,56,1,9671,50,11,5,3
16,0,66,1,6786,38,12,2,2
5,0,59,0,5906,48,7,1,1
5,1,57,1,8056,63,19,7,1
115,0,59,0,7625,49,17,2,4
5,1,45,1,3716,82,17,2,1
49,2,43,1,7802,26,16,5,4
40,3,62,1,2878,42,15,6,1
83,2,68,1,4778,53,14,5,3
58,3,44,1,6453,70,15,6,3
5,1,44,0,6977,76,19,6,2
54,2,56,1,8590,56,17,1,3
70,3,68,1,2680,22,14,7,2
36,3,42,1,4039,51,18,2,3
5,0,56,1,12819,39,14,3,3
66,2,69,1,7779,45,18,1,3
76,0,42,0,7003,67,14,5,4
41,0,45,1,6372,75,11,6,3
40,0,66,1,12431,83,15,7,2
5,3,50,0,7845,61,14,7,1
66,2,51,1,2045,82,15,4,2
59,2,59,1,6587,16,14,5,3
51,2,43,1,3227,45,9,5,3
24,1,44,1,2420,53,16,6,2
84,0,57,0,3236,42,12,3,4
6,0,60,1,3106,31,11,7,1
26,0,47,0,5078,69,15,6,2
26,0,55,1,804,33,17,6,2
32,3,69,1,803,43,17,2,1
38,2,54,1,8671,29,19,6,3
87,3,66,0,4576,75,15,2,3
34,0,44,0,9997,66,13,7,4
20,1,66,1,4044,51,14,5,1
18,0,40,1,8171,78,15,6,3
91,0,62,1,10366,36,14,7,4
23,0,52,1,1029,62,12,3,1
56,3,60,1,6089,61,12,7,2
22,3,42,0,5712,50,12,2,2
5,1,43,1,4067,63,13,3,1
58,2,42,1,4290,57,15,2,4
60,0,69,0,10261,82,17,5,3
58,0,66,1,8361,21,12,4,3
23,2,52,1,10799,72,16,7,2
26,1,41,1,6657,53,16,1,3
97,1,68,0,5006,26,15,1,4
61,1,43,1,3093,75,16,1,4
55,1,46,0,11460,20,16,7,4
5,0,43,1,500,70,10,6,1
73,3,69,1,4597,50,14,2,2
68,2,59,0,5497,55,15,4,3
55,0,47,1,3116,35,11,5,4
55,1,65,1,1863,47,11,6,2
53,3,53,0,1277,68,18,4,2
56,3,61,1,5377,35,15,1,3
22,2,59,1,4811,43,13,2,1
118,1,68,0,4315,29,13,1,4
7,1,49,1,8788,40,20,6,2
75,1,44,1,10091,66,20,3,4
5,0,41,1,7011,57,15,7,3
50,1,62,0,6802,30,15,3,3
27,3,49,0,2968,33,15,5,2
57,3,44,1,6680,33,14,4,4
143,3,45,1,6813,79,13,3,4
5,1,55,0,9174,79,9,1,1
56,3,68,1,9263,83,16,1,2
45,2,59,1,11473,31,13,5,3
98,2,44,1,3637,49,16,2,4
41,2,61,1,2499,18,17,2,2
29,1,50,1,5779,52,16,3,2
85,0,48,0,5700,17,21,4,4
40,2,47,1,7141,25,15,3,4
76,2,63,1,14145,83,12,5,4
40,3,57,1,8916,33,18,7,3
5,1,42,1,8642,70,13,1,2
42,2,47,1,1664,53,18,5,2
5,1,52,0,9135,83,14,1,1
76,1,48,1,5955,79,17,7,4
57,0,52,1,4047,16,15,7,4
131,2,55,1,5975,81,10,3,4
32,1,59,1,11078,34,13,6,3
49,0,61,0,8359,77,17,1,3
41,3,46,0,4602,26,15,4,3
65,2,54,1,3308,32,12,3,3
112,2,46,1,8389,20,14,5,4
20,0,64,1,3884,68,13,3,1
5,1,59,1,8252,43,12,3,1
34,1,66,1,2972,67,19,1,1
5,3,41,1,1214,28,16,7,1
5,2,41,1,4450,44,15,1,2
24,2,64,0,9150,45,15,7,2
11,1,59,1,6982,26,18,7,2
5,1,45,0,8432,65,8,3,2
19,1,40,0,7254,33,15,2,4
90,0,50,0,11514,42,14,4,4
45,3,55,1,7993,40,12,1,3
48,1,69,1,7249,64,11,2,2
52,2,46,1,500,37,14,7,3
5,1,57,1,8103,47,12,6,1
51,0,61,0,3620,31,16,5,3
16,1,68,1,500,46,11,2,1
51,2,40,0,7849,45,14,5,4
82,2,51,1,10145,55,14,5,4
66,1,41,1,8531,20,15,7,4
53,0,60,1,5235,50,12,5,3
12,3,61,0,7758,57,9,7,1
22,1,60,0,3474,67,12,6,1
91,1,45,1,4080,67,16,1,4
14,3,65,0,6891,78,4,7,1
65,0,59,1,2308,77,17,5,2
33,2,46,1,3821,68,11,6,2
56,1,54,0,5876,68,15,1,3
5,3,56,1,8841,53,17,1,1
75,2,41,1,7629,46,15,7,4
22,3,45,0,7323,43,14,2,3
69,3,55,1,5978,30,12,7,3
15,2,49,0,11523,20,13,6,3
39,2,58,0,7101,48,11,5,2
25,2,44,1,12896,55,14,6,3
48,3,41,1,6386,22,11,2,4
39,2,50,1,12182,50,15,3,4
40,1,62,0,7109,40,20,3,2
23,0,56,1,5514,42,18,2,2
54,1,50,1,7096,36,18,2,4
29,0,48,1,8031,25,12,3,4
40,1,42,1,9003,35,11,3,4
25,2,48,1,3983,81,14,4,1
51,3,44,1,7159,37,15,6,4
13,2,53,0,2795,38,19,5,1
46,1,55,1,2478,37,17,6,3
68,3,62,1,8363,46,16,4,3
71,2,50,1,679,54,18,4,3
33,0,69,0,10147,24,10,7,3
59,3,51,0,4857,53,14,7,3
28,2,67,1,6899,24,17,6,2
7,0,67,1,2718,64,16,6,1
19,3,63,1,8529,48,19,7,1
32,1,47,1,10876,75,15,3,3
54,0,69,0,1127,25,15,2,2
50,0,67,0,9231,26,14,3,3
5,3,44,0,6873,26,12,1,2
46,3,40,1,2540,28,13,5,3
97,2,56,1,2339,52,14,2,4
7,1,60,0,6205,56,16,3,1
71,3,43,1,5248,57,10,5,4
54,3,52,1,3724,83,13,5,2
67,3,43,1,6254,36,17,7,4
75,3,43,1,4743,42,11,2,4
43,1,60,0,3208,84,15,1,1
50,0,53,1,3760,52,12,6,3
28,0,42,0,8691,49,20,4,4
24,0,69,1,5569,60,14,7,1
55,3,64,1,3872,75,13,6,1
6,3,57,1,6708,83,15,4,1
21,2,55,0,6067,48,12,3,1
5,2,56,1,6415,45,14,3,1
5,0,64,1,6800,37,15,6,1
5,2,54,1,6469,28,9,4,1
69,1,67,0,744,22,17,2,3
5,0,63,0,4327,45,14,2,1
109,0,48,1,3730,67,13,3,4
68,3,59,1,4451,49,18,7,3
21,2,63,1,6907,79,13,6,1
48,1,61,1,4747,33,11,4,2
42,3,66,0,5768,33,9,5,1
5,0,58,1,7636,41,22,3,2
32,1,54,1,2053,50,12,3,2
74,1,64,0,8420,79,13,2,3
34,1,44,1,5310,28,14,1,4
14,2,69,1,7025,65,12,2,1
61,1,63,0,1034,61,17,3,2
5,2,51,1,500,20,14,3,1
59,0,47,1,3347,48,7,5,4
5,1,58,0,10977,69,20,3,1
58,2,45,1,9847,31,9,6,4
69,1,60,0,8302,80,16,1,3
45,1,45,1,3409,17,20,1,4
46,2,46,1,808,39,18,2,3
5,3,46,1,6758,32,20,5,2
5,3,59,1,4087,24,15,2,1
61,0,41,1,7311,43,11,4,4
74,2,64,1,3918,43,11,7,3
49,1,56,1,5317,75,16,2,2
5,3,65,0,9638,40,16,7,1
30,3,56,0,4502,42,12,4,1
55,3,59,0,6981,43,18,1,3
5,1,59,1,5866,40,15,3,1
5,3,62,1,7054,57,20,6,1
53,2,48,0,3496,28,11,6,3
5,3,52,1,5305,75,13,6,1
31,2,47,1,2404,39,12,3,2
86,1,69,1,4203,58,13,3,3
92,3,50,1,9140,21,16,7,4
5,0,48,1,3411,61,18,1,2
39,2,64,1,6627,50,20,5,2
112,3,63,0,7885,26,20,2,4
8,0,41,0,12100,77,21,1,3
99,0,45,1,5282,45,20,1,4
51,2,56,0,4663,46,17,1,3
81,1,55,1,6981,67,10,7,4
50,1,45,1,1851,20,16,2,4
5,3,46,1,9211,50,12,1,2
68,0,48,0,9145,25,10,1,4
37,2,54,0,8000,74,17,1,2
80,2,41,1,3770,51,13,7,4
5,3,60,1,1693,77,16,2,1
47,1,43,1,6505,26,17,7,4
5,2,51,1,5518,57,18,5,1
30,0,52,1,2383,40,12,5,2
5,1,62,1,6915,62,16,2,1
5,3,54,0,5330,79,14,6,1
79,2,44,0,4077,27,15,2,4
10,0,51,1,9000,60,15,2,2
96,0,52,0,5663,36,14,2,4
46,1,41,1,3638,43,12,2,4
35,0,64,0,8155,36,17,7,3
11,3,60,1,2740,77,17,1,1
32,1,55,1,3044,37,15,7,2
26,0,43,1,3621,57,19,6,3
28,2,40,0,6436,28,11,1,4
94,2,40,1,2250,49,7,3,4
13,2,68,1,1054,39,14,6,1
23,1,42,1,2533,50,11,5,2
18,0,67,1,2561,53,11,1,1
22,2,67,0,7054,78,14,6,1
5,3,60,1,1142,65,18,1,1
55,1,64,0,6353,81,20,6,2
82,0,54,1,3403,53,14,2,4
60,0,57,1,8161,44,19,6,4
39,2,67,1,4067,44,16,6,1
50,3,57,1,6756,84,18,3,2
7,0,52,0,6725,64,15,2,2
59,1,49,1,10436,77,13,1,4
55,3,54,0,6406,31,15,6,3
67,0,48,1,3856,55,12,5,4
53,2,46,1,5052,55,11,3,3
104,2,66,0,3641,62,11,5,3
87,2,42,1,4830,62,8,2,4
34,3,56,1,4714,16,14,3,2
64,1,62,1,6440,26,14,4,3
17,2,58,1,4042,62,19,5,1
51,0,56,1,9952,70,16,1,4
49,0,61,1,8024,43,19,1,3
37,0,59,0,7436,81,9,4,2
18,1,48,1,7137,59,11,4,2
32,3,44,0,5549,57,16,2,3
27,0,60,0,5510,39,12,4,2
48,1,67,1,4745,41,15,3,2
36,0,40,1,6470,41,14,2,4
33,0,47,1,7665,76,14,3,3
75,2,46,1,5665,30,12,1,4
25,2,46,1,7876,72,15,7,2
31,0,44,1,5167,42,14,1,4
19,3,51,0,1839,28,15,4,1
50,3,65,1,1222,36,17,7,1
5,2,54,1,3554,24,13,4,1
59,1,40,0,6149,22,21,5,4
36,2,41,1,4330,57,18,5,3
33,1,41,0,1189,33,12,3,3
15,2,57,0,5274,79,15,1,1
62,2,69,1,10909,68,15,5,2
70,3,52,0,6640,82,19,6,3
78,3,54,0,3037,41,12,5,3
39,0,42,1,5219,70,15,4,3
75,3,47,0,2873,50,16,5,3
57,0,58,1,5817,81,10,4,2
68,3,41,1,5964,85,17,5,3
5,2,64,1,9729,83,15,3,1
7,2,59,1,5321,25,14,2,1
38,0,44,0,8257,42,18,4,4
70,1,59,1,9199,35,15,2,4
5,3,47,1,6961,50,12,7,1
45,3,42,1,4435,85,19,5,2
48,3,60,1,4132,59,16,7,1
7,0,62,1,11010,66,13,6,1
48,0,63,1,6641,73,8,5,2
5,1,51,1,500,21,14,3,1
112,3,61,1,3650,82,15,2,4
42,3,52,1,8242,37,12,4,3
24,2,49,0,4280,27,9,1,2
45,0,65,0,1879,50,17,3,2
70,2,49,0,4242,29,16,6,4
59,0,44,1,4513,75,16,6,4
80,3,50,1,7805,71,16,7,4
64,2,56,1,8702,36,10,3,4
5,3,69,0,10657,20,7,4,1
96,0,41,0,5848,49,10,5,4
5,2,40,0,8091,75,15,7,2
76,3,65,1,1733,78,16,1,2
67,2,69,1,11754,22,18,7,4
25,1,61,1,1519,33,15,7,1
63,2,50,1,6291,41,17,1,4
90,1,68,0,5233,76,17,2,3
49,1,61,1,5801,33,12,3,3
42,1,51,1,4631,21,15,4,3
64,3,68,1,3037,25,13,3,2
5,1,45,1,1201,77,12,4,1
5,3,55,1,3900,70,15,2,1
5,1,45,1,8179,55,15,4,2
5,1,47,1,5148,37,13,3,2
51,3,55,1,3122,40,13,3,2
52,0,53,1,3806,48,13,6,3
43,2,57,0,500,63,17,1,1
13,3,60,0,8658,74,16,7,1
59,2,64,1,3862,83,16,5,1
13,2,69,1,9302,25,9,5,1
21,1,50,1,8792,62,16,1,3
42,2,66,1,6324,53,18,2,2
5,0,60,1,8024,79,11,7,1
56,0,64,1,500,36,16,1,2
26,2,56,1,7206,49,12,7,2
62,1,61,1,4261,59,18,5,3
96,1,57,1,7086,23,16,2,4
22,1,45,1,4550,24,11,2,3
45,2,44,1,2954,55,22,6,3
10,1,69,1,6385,50,19,3,1
42,3,68,0,8460,80,12,1,1
17,0,49,1,4597,71,14,6,2
5,2,54,1,2171,29,11,7,1
61,3,51,1,7741,73,15,6,3
5,1,47,1,5821,55,17,4,2
67,3,46,0,10264,22,13,2,4
5,0,53,1,3057,39,6,7,1
5,1,40,0,500,59,12,3,1
5,0,64,1,8503,59,22,2,1
75,1,40,1,6650,69,17,5,4
110,3,40,1,6552,53,18,1,4
24,3,66,1,6237,81,16,2,1
73,2,63,1,8422,25,9,2,4
19,3,68,1,4186,63,15,7,1
34,3,44,0,8746,64,15,6,3
49,3,66,1,9311,40,18,7,2
96,3,45,0,5110,24,14,5,4
53,2,45,0,7622,83,11,5,3
36,3,60,0,10575,37,14,4,2
37,2,65,1,2807,56,18,2,1
25,3,42,1,4436,39,11,2,3
15,2,65,1,11339,26,8,2,2
59,0,42,0,4519,51,14,2,4
102,3,61,0,7883,22,17,2,4
84,2,40,1,7271,41,14,2,4
24,1,51,1,4748,47,19,4,2
53,1,50,1,1295,73,18,7,2
62,2,59,1,6018,51,15,2,3
34,2,55,1,5723,34,16,1,3
62,3,57,1,7789,18,15,2,4
25,3,63,1,5931,64,10,1,1
71,2,47,1,6749,18,18,6,4
36,1,67,1,4236,47,19,5,1
22,2,45,1,6363,64,13,3,2
111,3,44,1,3981,45,18,7,4
16,3,60,0,2560,34,13,7,1
30,3,56,0,6715,60,9,3,1
18,2,45,1,3164,78,14,1,1
11,2,58,1,4657,32,13,5,1
5,1,57,1,6557,43,11,5,1
5,0,59,1,8737,26,22,7,2
18,0,44,1,8669,49,9,6,3
5,0,51,1,9157,42,16,3,2
53,1,53,1,3801,33,16,6,3
54,2,48,0,6312,22,12,6,4
23,0,65,1,500,83,14,6,1
43,1,57,0,5506,62,9,6,2
28,1,45,1,5504,77,13,2,2
5,3,51,0,6077,67,14,3,1
22,2,56,1,500,56,16,7,1
37,2,60,0,11477,30,11,4,3
14,1,69,1,8302,71,19,3,1
26,2,68,0,643,52,10,2,1
47,0,46,1,4136,83,15,4,3
82,3,54,1,8852,71,11,3,4
37,1,43,1,1659,33,16,7,3
31,0,63,1,5691,39,18,2,2
5,2,47,1,5409,71,20,6,1
84,0,51,0,2546,60,16,6,4
5,2,42,1,9825,16,9,4,3
36,0,44,1,7665,72,19,6,3
58,0,60,1,8443,63,19,1,3
32,2,52,1,11199,65,15,1,3
7,3,48,1,4311,45,14,2,1
66,0,59,1,1569,34,18,6,3
100,2,56,0,12810,47,17,4,4
43,2,51,0,4659,80,10,6,2
32,1,59,1,7240,51,11,6,2
30,0,54,0,5728,72,17,1,2
47,1,58,0,2985,63,16,5,2
58,2,69,1,4423,40,15,2,2
5,0,50,0,5268,44,12,6,2
20,3,43,0,7952,22,15,7,3
5,3,42,1,9286,21,15,3,3
40,3,60,1,4299,71,13,2,1
55,2,61,1,3124,32,10,4,2
20,1,65,1,500,37,11,6,1
38,0,43,1,2199,45,11,2,3
85,3,69,1,12505,47,13,6,4
5,1,67,1,6767,52,19,6,1
5,0,40,1,6135,66,20,4,2
45,1,55,0,4704,38,15,6,3
5,3,41,1,10084,27,13,2,3
35,0,59,1,6403,53,16,2,3
5,1,55,1,1164,83,15,3,1
93,2,64,0,6847,26,14,3,4
66,1,48,1,5666,53,8,6,4
5,1,40,0,7000,25,15,6,3
71,1,69,1,9440,48,16,6,3
77,1,47,1,3867,39,18,2,4
51,2,48,1,5353,42,16,5,3
5,3,50,1,5251,28,18,7,1
92,3,68,0,9993,45,15,5,4
51,3,58,0,2404,40,18,2,2
50,2,49,0,5530,85,17,1,3
68,3,60,1,4491,34,12,5,3
5,3,62,0,3621,72,10,7,1
76,0,42,1,7027,73,11,3,4
5,0,55,1,10225,30,13,7,2
51,0,57,0,10358,35,11,3,4
51,1,40,1,5731,34,14,4,4
65,0,68,1,4354,43,17,2,3
51,1,52,0,2511,85,17,5,2
10,2,48,1,6332,50,13,4,2
13,0,66,0,5682,47,16,7,1
5,1,49,0,5613,46,12,1,2
55,1,56,0,5466,52,12,3,3
62,2,57,1,4162,83,14,4,2
6,3,49,1,3675,65,16,3,1
5,1,66,1,7560,45,9,1,1
18,2,46,1,13478,27,16,6,4
29,1,69,1,1510,34,11,6,1
53,2,61,1,5633,67,17,4,2
26,3,46,1,6632,66,11,1,2
76,2,46,1,7293,61,13,2,4
46,0,61,1,3209,65,17,5,2
34,1,60,1,5939,16,10,5,3
5,1,68,0,4661,47,11,2,1
5,1,55,1,2879,59,16,5,1
48,2,56,1,5537,18,10,7,3
16,2,52,1,4321,51,12,6,1
35,3,46,0,2762,82,13,6,1
50,3,64,0,2853,83,13,1,1
14,1,43,1,8955,52,9,3,3
70,2,46,1,5749,34,20,5,4
67,0,55,1,4825,58,22,5,4
59,2,47,1,8042,34,15,6,4
53,2,52,1,6647,64,15,1,3
71,3,66,1,7260,83,17,5,2
43,1,52,1,4723,23,11,1,3
65,2,43,1,8386,38,10,5,4
19,0,46,1,5114,65,12,1,2
65,0,67,0,7124,30,14,3,3
51,1,40,1,9778,78,16,3,4
42,3,62,1,500,67,14,4,1
69,1,45,1,8123,36,14,7,4
99,3,48,1,1402,33,13,5,4
62,2,45,1,10395,32,16,7,4
41,0,63,0,1011,66,14,6,1
86,0,47,1,4721,75,13,5,4
22,3,68,1,7843,25,14,3,1
78,2,58,0,4694,31,15,2,4
60,0,41,1,8405,24,18,5,4
29,0,48,1,2305,16,17,4,3
54,2,66,0,6526,25,12,6,3
17,2,55,1,8608,80,19,2,1
38,0,58,0,4108,22,15,2,3
45,0,58,1,9431,23,13,2,4
42,2,52,1,6775,27,11,7,3
48,1,66,1,12346,31,15,5,3
100,1,68,1,7067,78,18,7,3
89,3,44,1,5161,43,17,2,4
42,2,69,1,6340,68,11,4,1
88,3,61,1,2953,76,14,4,2
49,1,67,1,6589,75,11,7,1
18,2,57,0,2495,29,15,3,1
36,1,66,0,4731,61,13,6,1
68,0,67,1,2814,57,13,4,2
47,0,46,1,2379,43,16,7,3
38,0,40,1,6136,77,6,1,3
30,0,45,0,6011,77,19,6,3
90,0,46,1,5014,61,13,3,4
45,1,54,0,4818,58,20,2,3
9,2,55,1,6899,18,14,6,2
33,3,53,1,4112,43,16,4,2
23,2,68,0,5644,49,9,1,1
59,0,49,0,6071,80,14,1,4
90,0,62,1,8154,59,10,2,4
37,3,54,1,6925,31,16,1,3
5,3,55,0,5359,26,15,5,1
59,2,59,1,2214,29,15,1,3
5,0,50,1,5584,64,11,1,2
54,2,60,1,5402,58,18,3,2
6,0,55,1,4275,24,16,3,2
5,3,45,1,1399,72,15,5,1
26,3,60,0,5773,53,11,1,1
57,0,45,0,11386,56,13,3,4
5,0,58,1,4557,30,16,5,1
59,3,56,1,7363,27,16,3,3
47,1,66,1,500,70,15,2,1
5,0,48,1,7923,43,12,2,3
42,0,48,1,3362,56,14,6,3
58,3,68,1,3910,38,15,7,2
5,2,55,1,7546,30,13,1,2
71,3,55,0,11149,22,18,2,4
53,1,43,1,7055,79,11,1,4
24,3,57,1,7203,58,13,1,1
76,3,62,1,5218,84,12,2,2
67,3,54,1,3294,29,16,2,3
71,1,57,1,7915,29,14,1,4
40,3,68,1,6776,16,16,2,2
88,1,42,1,8252,33,18,2,4
37,0,43,0,6565,66,13,2,4
22,1,47,0,3043,40,14,7,2
16,2,49,1,615,25,16,2,2
78,3,67,1,5403,64,14,1,2
41,2,44,1,7329,74,10,7,3
64,1,52,0,10515,36,19,2,4
5,2,41,0,7360,37,10,5,2
95,3,52,1,4845,56,13,7,4
19,2,43,0,1481,55,17,5,2
6,0,61,1,4439,80,13,4,1
69,0,59,0,8348,83,14,7,3
5,0,40,0,5746,45,16,3,3
44,2,69,0,5546,75,13,3,1
5,3,50,0,3550,81,13,6,1
23,1,58,1,6196,28,7,2,2
73,2,45,1,2433,78,22,7,3
22,2,64,1,9010,59,16,3,1
54,2,55,1,2052,21,20,6,3
10,2,52,1,7503,31,18,5,2
59,3,45,1,5249,47,13,6,3
70,0,56,1,7416,63,21,4,4
41,0,64,1,7868,26,12,2,3
107,1,55,1,11339,85,15,1,4
68,3,44,1,6347,85,14,6,3
5,2,61,0,4089,44,11,6,1
17,0,45,0,6171,48,15,6,3
20,2,57,0,3751,33,21,5,1
60,2,52,1,7064,37,13,5,4
45,2,66,1,1654,23,13,6,1
5,1,46,0,4725,20,13,3,2
48,3,53,1,7544,75,12,6,2
36,1,62,1,2233,39,17,1,2
46,3,43,1,5691,29,15,6,3
29,2,53,0,3385,22,16,2,2
67,0,60,0,4671,29,13,6,4
10,3,68,1,3160,60,16,6,1
88,3,58,1,5682,34,18,5,4
46,3,41,1,500,25,12,4,3
79,0,56,1,3011,67,19,6,3
22,1,56,1,8811,61,13,4,2
26,0,62,0,544,17,15,6,2
84,2,66,1,3726,68,20,6,2
42,0,48,1,6185,47,15,3,3
31,1,45,0,7749,80,14,7,3
5,3,45,1,10777,65,13,4,2
16,1,56,1,7923,77,14,5,1
90,1,55,1,3018,54,15,3,4
95,3,48,0,7614,61,18,4,4
13,0,57,0,6219,56,17,6,1
84,0,57,1,9862,53,10,3,4
38,2,40,1,4041,38,11,7,3
31,2,54,1,11351,61,16,4,3
42,3,50,0,7151,33,18,5,3
62,1,52,1,5057,18,13,3,4
57,0,42,1,9237,21,14,4,4
68,1,40,1,7499,45,15,6,4
38,2,60,1,500,24,13,6,1
86,2,40,1,4236,61,11,7,4
70,0,44,0,8712,49,16,4,4
63,1,68,1,10908,79,18,6,3
59,3,63,1,500,56,11,3,1
19,0,55,1,6614,74,8,5,1
69,0,40,1,7625,66,13,2,4
36,0,45,1,4880,61,14,3,3
43,2,50,1,13781,70,17,4,4
63,2,41,1,5944,55,10,5,4
25,1,45,1,2548,62,8,6,2
55,0,43,1,7321,61,16,4,4
5,2,60,1,7780,33,13,7,1
63,3,46,0,2570,16,16,1,4
5,0,49,1,5374,18,15,4,2
17,3,55,0,5982,70,17,2,1
69,2,60,1,4667,32,17,7,3
31,1,54,1,2954,74,15,7,1
11,1,65,1,8281,39,17,6,1
5,1,51,0,7165,50,15,4,2
10,3,59,1,1692,30,13,7,1
39,0,64,0,6931,70,14,6,2
21,2,50,0,8652,85,14,2,2
52,3,62,1,4095,71,13,7,1
79,0,64,0,3938,20,15,1,4
48,2,53,0,5506,18,12,7,3
53,2,66,1,7942,38,10,7,2
5,3,47,0,5712,46,13,7,1
71,0,64,0,4947,71,16,3,3
70,2,42,1,4938,83,8,1,4
52,1,44,1,8837,75,12,5,4
55,1,49,1,3955,23,15,6,4
42,3,52,0,8540,72,17,6,2
43,0,41,0,9411,19,16,3,4
42,1,60,1,5427,69,16,3,2
10,1,63,1,9743,58,15,6,1
64,2,68,0,4250,33,17,7,2
37,2,58,1,8552,65,17,1,2
22,0,52,1,10280,22,10,4,3
128,0,59,1,5239,37,18,2,4
31,2,43,1,500,64,14,6,2
51,1,48,1,7757,67,18,6,3
31,3,51,1,8960,65,18,3,2
35,0,58,1,7668,24,13,1,3
84,0,60,1,6240,17,16,5,4
17,1,65,1,9016,70,15,6,1
5,2,49,0,3262,25,20,6,2
5,2,56,1,4804,38,14,7,1
63,1,48,0,9441,49,16,6,4
5,2,52,1,4213,50,12,4,1
28,0,59,1,3917,69,15,5,1
19,3,58,1,9452,85,14,7,1
5,0,63,1,500,32,13,5,1
29,1,46,1,3957,26,15,4,3
47,1,47,0,3855,56,15,1,3
70,3,62,0,4267,63,20,5,2
64,3,65,1,3931,57,12,3,2
28,3,65,1,6952,42,16,7,1
45,1,49,0,5774,72,16,2,3
38,3,61,1,8649,75,14,1,2
5,1,60,1,6161,20,17,6,1
79,2,47,0,10831,68,14,7,4
33,1,58,1,10669,62,16,5,3
24,3,66,0,7036,16,11,4,1
18,2,69,1,11139,26,13,2,2
50,1,48,0,5350,23,16,6,4
71,3,43,1,5293,80,18,3,3
72,2,69,0,4921,52,16,4,2
5,3,62,1,6024,72,17,5,1
56,3,45,0,4075,85,13,4,2
37,0,53,1,9075,78,12,1,3
16,2,54,1,8491,35,14,3,2
17,2,48,1,7194,60,11,3,2
40,2,47,1,7775,45,20,4,3
50,1,40,1,12065,39,12,2,4
66,3,41,0,7296,48,16,2,4
11,3,51,0,11145,48,20,6,2
82,1,56,0,6733,78,16,1,4
17,3,49,1,7077,71,6,6,1
59,0,57,1,9240,39,13,3,4
47,2,57,0,2847,52,13,4,2
92,0,68,1,905,78,16,6,2
28,2,58,0,9341,71,16,2,2
92,3,66,0,8093,16,12,1,4
5,2,45,1,4680,79,12,4,1
42,0,60,1,8914,81,16,3,2
43,3,58,1,1415,29,13,3,2
5,2,51,0,4621,51,14,2,1
20,1,57,0,4260,21,13,3,2
60,1,52,0,5447,52,13,2,4
67,2,56,0,8004,77,13,4,3
23,0,69,1,7604,84,16,6,1
16,0,44,1,4560,50,15,4,2
46,3,62,1,7934,51,12,1,2
123,1,41,1,8340,59,19,1,4
54,3,55,0,3743,20,18,6,3
5,2,63,0,14168,82,11,4,1
48,2,63,1,1394,58,14,1,1
17,2,52,1,8785,28,11,3,2
5,0,67,0,1513,68,17,2,1
8,2,62,1,5093,79,13,7,1
5,2,53,1,5899,26,11,5,1
59,1,58,1,5999,76,16,5,3
56,3,62,0,1966,57,14,7,1
86,2,61,1,8972,41,16,3,4
78,0,51,1,9843,80,10,6,4
11,2,61,1,5470,36,16,1,1
38,2,43,1,9584,29,12,7,4
18,3,46,1,7701,36,18,6,2
29,0,49,1,4580,46,10,2,3
56,2,48,1,7339,75,14,2,3
29,3,43,1,5033,81,14,2,2
45,2,50,1,8667,41,12,7,3
65,0,46,1,3058,16,14,3,4
14,1,56,0,6728,25,15,1,2
18,1,67,1,10226,66,7,5,1
34,2,52,0,6289,56,12,2,2
44,2,63,1,2907,52,20,2,2
9,1,48,0,8878,49,19,3,2
5,0,47,1,10189,65,22,7,3
28,0,61,1,8305,82,12,1,2
5,2,53,1,5269,83,16,5,1
92,3,68,1,9950,44,14,7,4
45,1,41,1,8508,54,17,2,4
36,3,57,1,5691,19,7,4,2
8,3,64,0,10022,39,13,7,1
77,0,60,1,6551,32,13,6,4
66,2,62,1,8375,48,16,7,3
63,3,45,1,3109,30,14,1,4
35,1,41,1,9347,54,11,4,4
5,3,40,1,8598,59,10,3,2
79,3,42,1,10471,80,16,1,4
19,2,47,0,3588,54,12,6,2
40,0,42,1,708,65,14,3,3
93,2,52,0,6110,64,11,5,4
5,3,53,1,7841,19,13,7,2
37,3,50,0,6971,32,10,1,3
77,2,44,1,6832,32,12,3,4
80,1,50,1,6078,60,15,6,4
57,1,43,0,4364,45,13,5,4
25,0,68,1,5941,46,17,6,1
63,3,65,1,7268,29,14,3,3
47,0,41,1,6462,41,13,7,4
57,2,42,0,7173,31,14,2,4
18,1,53,1,9691,81,17,7,2
57,3,56,0,10873,36,17,5,4
15,0,52,1,3226,82,13,1,1
52,3,43,1,10330,47,12,6,4
5,1,61,1,7552,45,14,6,1
41,2,64,0,11958,41,12,4,3
55,0,58,0,7847,42,21,6,4
34,0,56,1,3855,38,15,1,3
5,0,40,1,10026,84,13,5,2
10,1,50,0,6375,74,16,3,1
51,2,50,1,3850,85,12,4,2
11,0,51,1,500,64,16,6,1
50,0,40,0,5344,74,15,2,4
69,0,52,1,5393,30,21,1,4
24,3,57,1,5159,31,16,5,1
49,3,43,1,6446,67,17,1,3
5,3,53,0,5894,28,12,3,1
61,0,49,1,500,63,12,2,3
35,3,51,1,916,46,13,4,1
35,3,47,1,2386,26,17,2,3
35,1,52,1,3831,59,11,1,2
31,3,44,1,8956,77,10,7,2
27,0,41,0,6613,73,14,2,3
58,2,51,0,500,31,17,2,3
62,1,63,0,6722,49,23,1,3
41,0,54,0,5792,16,20,5,4
87,2,45,0,5337,69,14,1,4
31,2,55,0,9907,25,12,4,3
31,2,41,0,8700,23,16,2,4
58,3,41,0,2473,79,17,2,3
31,2,54,1,5079,48,16,6,2
5,0,66,1,4464,45,13,2,1
73,1,56,1,5314,62,16,3,3
40,3,46,1,7745,67,19,4,3
38,3,57,1,3412,44,14,6,1
87,1,52,0,7600,81,18,3,4
43,3,62,0,3097,71,15,2,1
15,2,61,1,8777,42,13,6,1
74,2,69,0,3900,63,9,6,2
13,1,47,1,7151,77,16,5,2
53,3,47,1,5621,80,13,6,2
70,1,48,1,5006,62,15,4,4
39,1,67,1,7748,25,16,3,2
63,2,66,0,11203,37,16,7,3
20,2,40,1,3786,40,17,5,3
60,3,60,1,500,49,14,2,2
18,0,48,1,10294,61,16,7,3
11,3,64,1,6484,53,12,4,1
73,3,48,1,8281,19,16,6,4
69,3,54,1,5875,25,14,1,4
88,0,63,1,5971,16,16,3,4
45,1,57,0,5168,32,16,1,3
27,0,58,1,2279,36,13,2,2
56,0,65,1,7866,34,14,5,3
66,1,65,1,8669,35,17,6,3
47,1,66,1,1341,29,15,6,2
55,2,53,0,6149,70,19,1,3
45,2,62,0,5496,57,13,7,2
5,1,49,1,5365,39,15,2,2
57,2,53,1,2873,19,15,2,3
62,2,68,1,5370,21,20,4,3
39,1,67,1,3500,50,18,4,1
40,2,42,0,5939,37,16,4,3
49,0,62,0,8057,41,16,1,3
5,0,69,0,2355,27,13,3,1
44,0,68,0,4236,67,14,3,1
52,0,47,1,9868,64,11,3,4
69,2,50,1,11583,64,12,5,4
49,1,48,0,4671,25,13,7,4
5,1,63,1,568,44,17,1,1
18,2,40,0,8703,53,15,4,3
35,2,67,1,10029,24,13,2,3
24,0,56,0,5352,56,14,7,2
5,3,46,1,6710,30,17,4,2
34,0,44,1,7804,52,18,5,4
51,1,44,0,6332,44,17,4,4
5,2,67,1,5797,79,15,7,1
23,3,55,1,7207,47,18,1,2
16,1,57,0,3751,32,12,6,1
15,0,69,1,4469,52,13,2,1
42,1,52,0,3142,60,17,5,2
92,1,56,1,7264,61,13,2,4
18,2,59,1,2318,39,12,3,1
41,3,69,1,2854,22,19,2,1
7,2,69,1,3652,74,18,7,1
5,2,57,1,6701,81,12,7,1
14,3,41,1,3464,78,16,6,1
120,0,47,0,2684,70,16,5,4
36,3,66,1,7095,18,16,3,2
57,1,55,1,8831,56,12,2,4
53,1,41,1,7703,57,15,6,4
61,1,43,0,10814,39,11,7,4
5,0,55,1,7451,27,17,4,2
31,1,51,1,10065,84,14,1,3
35,1,63,1,500,54,20,5,1
5,0,61,0,5085,40,13,3,1
7,2,47,1,2624,40,17,1,2
62,0,64,0,6981,42,15,5,3
10,1,57,0,8321,19,11,3,2
71,1,56,1,549,81,9,7,2
93,3,44,1,7129,26,15,1,4
8,1,41,1,6665,82,21,5,2
5,2,40,0,500,80,19,7,1
87,3,48,1,3984,68,14,5,4
47,1,63,1,11845,62,11,6,3
63,3,52,0,5300,22,14,2,4
34,0,55,1,5528,47,15,4,3
10,3,63,0,4657,27,16,6,1
42,3,68,0,4942,64,17,2,1
31,0,69,1,2984,50,19,1,1
5,3,48,0,5736,27,19,2,2
5,3,43,0,7947,73,13,7,1
76,3,46,1,4621,77,15,7,3
60,0,60,1,2337,74,18,5,2
44,0,51,0,5926,16,20,1,4
8,2,48,0,1296,72,24,4,1
66,3,53,1,2764,71,15,1,2
76,1,40,1,9711,20,22,2,4
35,3,60,1,3933,83,17,1,1
64,2,69,0,7981,56,19,7,2
85,1,65,1,4500,65,13,4,3
69,0,46,1,5341,85,14,2,4
27,0,46,1,3070,77,14,4,2
30,3,41,1,10344,77,14,1,3
105,0,54,1,6297,60,17,5,4
53,1,44,1,7014,66,19,4,4
84,0,44,1,8172,79,12,7,4
5,0,68,1,4001,60,10,5,1
56,3,46,1,845,59,17,7,2
25,2,65,1,4509,44,10,6,1
31,1,43,1,10829,47,16,6,4
29,2,69,1,5265,16,16,2,2
18,0,41,1,5693,23,15,5,3
41,1,56,1,4029,81,11,5,1
52,0,48,0,5766,16,11,7,4
5,2,47,1,500,42,12,4,1
66,2,68,1,5853,42,13,5,2
106,0,64,0,6608,55,17,3,4
28,3,53,1,9884,62,15,6,2
58,0,50,1,6048,46,17,7,4
8,0,61,1,3062,65,10,6,1
49,2,43,0,8942,47,22,5,4
35,3,52,1,10174,23,11,7,3
5,0,59,1,9797,58,11,3,1
87,0,46,0,6289,81,20,4,4
13,0,61,1,8965,70,15,5,1
48,3,44,1,6343,33,11,3,3
47,2,61,1,7558,83,10,5,2
73,2,54,0,4295,38,17,6,4
49,2,51,1,8052,25,13,7,4
84,2,65,1,10848,25,9,4,4
23,1,44,1,13627,54,13,4,4
59,1,53,1,7874,35,15,4,4
75,0,51,1,2202,35,17,1,4
40,2,58,1,2311,82,18,6,1
25,2,52,1,5538,36,20,1,2
52,3,56,0,10345,58,12,5,3
66,3,46,1,9293,75,14,2,4
68,1,52,1,4068,46,13,6,4
39,3,41,1,5705,83,14,2,3
28,0,43,1,4077,54,14,2,3
26,0,64,0,4782,54,17,2,2
27,3,48,1,4297,78,15,2,1
43,0,46,0,4833,23,15,2,4
27,2,69,1,2309,85,19,2,1
75,1,52,0,4380,24,14,4,4
24,2,46,1,6143,68,17,6,2
38,3,59,1,6749,79,15,6,1
43,1,51,1,8735,70,12,5,3
42,3,65,1,6250,38,14,5,2
125,0,63,0,7477,63,16,7,4
69,0,47,1,9730,39,14,5,4
36,3,63,1,7903,75,17,5,1
66,3,65,1,5846,72,10,3,2
38,1,64,0,10273,33,11,7,3
42,2,45,1,3680,28,9,7,3
40,3,51,1,1599,73,16,3,1
44,1,46,1,4289,77,14,4,3
59,3,66,1,10239,16,15,5,3
92,2,69,0,5558,23,8,3,4
35,3,47,1,1932,54,17,2,2
19,0,68,0,7272,46,13,3,1
5,3,49,1,7980,51,13,2,2
5,2,53,1,2490,28,10,2,1
19,0,68,1,1496,78,15,3,1
51,1,46,1,7795,48,19,1,4
5,0,55,0,11459,76,15,3,2
14,1,50,1,7734,63,20,5,2
25,1,47,1,9046,36,18,1,4
30,1,59,1,4560,51,17,6,2
39,0,40,1,8027,45,12,1,4
22,2,42,1,7563,42,15,1,3
35,2,60,0,7124,72,14,5,1
50,1,43,1,4411,80,18,7,3
34,0,42,1,10347,82,16,4,4
83,2,60,1,7178,25,15,3,4
38,1,43,1,7413,51,21,3,4
72,2,48,1,6700,62,17,6,4
33,1,40,1,1975,82,19,2,2
38,1,56,1,7719,68,8,2,2
50,3,61,1,3154,36,14,2,2
5,0,43,1,6524,81,12,7,2
47,1,61,1,12929,64,17,7,3
12,2,45,0,5379,84,14,1,1
73,1,51,1,4652,36,20,4,4
38,1,52,0,3609,81,13,1,2
26,0,46,0,9640,35,17,1,4
50,0,66,1,9912,54,4,5,3
37,3,50,1,3666,28,18,2,3
21,3,40,1,12771,17,15,1,4
5,2,49,1,5442,72,17,6,1
5,1,48,0,3670,54,13,7,1
37,2,64,1,5583,39,10,6,1
43,3,68,0,8490,44,18,6,2
28,3,61,1,2100,63,11,4,1
77,3,67,1,7255,44,16,4,3
68,2,61,0,2778,71,6,2,2
65,1,61,1,5846,44,13,7,3
31,2,42,1,6279,45,13,1,3
59,1,63,1,3388,26,13,4,3
5,2,57,1,6950,27,19,6,1
69,3,60,0,10747,71,13,4,3
11,1,69,1,7474,78,16,4,1
5,0,42,0,2665,48,19,6,2
60,1,64,0,10772,72,16,5,3
35,1,48,1,10601,44,14,4,4
13,1,46,1,3026,35,11,7,2
17,1,42,1,7997,70,11,1,3
43,1,57,0,9679,83,15,4,2
46,1,42,0,6028,61,17,5,4
40,3,44,1,9426,27,17,2,4
78,3,54,0,5799,29,14,7,4
43,0,69,1,8598,51,13,4,2
22,0,55,1,3331,80,19,1,1
25,2,54,1,7747,60,16,6,2
5,1,60,1,7051,81,14,1,1
40,2,46,1,2513,21,21,3,3
52,1,42,1,10545,42,12,2,4
14,1,57,0,5306,68,15,2,1
10,3,54,0,7579,71,16,7,1
25,2,53,0,6750,72,15,1,2
6,0,41,1,5083,74,15,4,2
59,3,48,1,3427,29,10,5,3
33,2,52,1,10969,32,14,7,3
19,0,48,1,7875,18,17,7,3
23,0,63,1,6074,65,15,3,1
13,1,50,1,6702,77,10,5,1
50,0,68,1,11641,62,12,6,3
47,1,47,1,4599,45,15,6,3
53,0,54,1,8370,25,21,7,4
19,0,54,1,10310,78,11,5,2
5,2,43,0,5134,41,17,5,2
39,2,58,1,7311,79,16,5,2
25,1,50,0,5091,59,13,4,2
10,3,46,1,6734,45,11,4,2
61,3,42,0,5144,73,15,7,3
5,0,54,1,2450,23,16,7,1
16,3,69,1,4721,70,15,7,1
48,2,41,0,2390,20,13,3,4
39,0,64,1,3771,77,10,7,1
10,3,45,1,896,73,16,7,1
85,3,47,1,7824,19,12,2,4
55,3,54,1,682,52,15,2,2
71,3,44,1,500,51,13,3,3
48,1,65,0,4135,18,13,7,2
41,3,52,1,3913,46,15,1,2
49,1,50,1,8547,58,13,3,3
5,1,45,0,5897,54,13,1,2
50,0,62,0,9367,44,15,6,3
17,2,65,1,6009,19,16,3,1
20,0,56,1,8786,46,17,5,2
7,0,57,1,8020,33,9,7,2
19,0,48,0,9445,76,13,4,2
10,1,69,1,8807,77,17,7,1
62,3,43,0,5901,30,18,2,4
56,0,41,0,6710,33,17,6,4
34,3,41,1,2680,45,14,2,3
20,2,47,1,5095,66,16,4,2
10,3,64,1,8892,22,10,2,1
50,3,41,1,6848,76,21,4,3
21,3,52,1,9017,75,11,2,2
25,1,45,1,8148,21,14,6,4
19,2,41,1,8696,82,17,7,2
44,3,56,1,500,39,17,4,1
54,0,53,1,3998,19,15,1,4
61,0,61,1,8128,17,15,6,4
41,3,40,1,2542,77,16,7,2
68,3,57,1,10210,37,14,6,4
49,1,55,0,8247,61,17,1,3
53,3,50,1,7008,61,11,4,3
30,2,52,1,9156,58,14,4,2
15,3,60,1,6654,80,8,2,1
51,3,58,0,10035,22,16,3,3
24,3,61,0,6074,23,10,4,1
18,1,59,0,7614,51,11,6,1
33,2,52,1,9202,36,10,4,3
57,1,59,0,8109,34,12,3,3
32,1,48,0,3490,80,11,6,2
52,2,50,1,3083,17,17,7,3
53,3,67,1,11245,32,11,2,3
26,2,53,1,4528,54,15,1,2
78,3,47,1,11307,77,16,1,4
18,0,52,0,4245,58,18,5,2
95,2,62,1,5674,68,9,2,4
49,0,42,1,7483,75,15,1,4
59,0,40,1,5050,40,20,6,4
5,2,56,1,9906,78,15,6,1
59,1,48,0,1045,51,13,1,3
38,2,46,0,5151,18,14,2,4
12,3,51,1,3702,21,15,5,1
24,2,66,0,6394,75,14,4,1
52,3,65,0,1641,77,18,4,1
118,0,56,1,6120,56,18,6,4
5,0,47,1,3818,43,16,3,2
24,1,47,0,1283,77,13,3,1
28,2,68,1,9967,47,16,7,1
5,2,52,1,7525,44,14,1,2
26,0,45,1,7682,66,15,6,3
32,3,55,0,5201,60,18,6,1
42,1,69,0,4479,35,12,3,2
22,2,53,1,8076,82,15,3,1
70,3,52,0,6640,23,11,7,4
57,3,60,1,2558,53,12,1,2
51,2,47,1,5314,41,9,4,3
5,3,44,0,6461,84,14,7,1
5,3,42,1,500,41,13,7,1
5,0,57,1,12848,85,9,5,1
34,3,57,1,6062,48,14,2,2
95,2,62,0,7731,28,15,5,4
5,0,46,1,2957,54,10,3,1
14,0,48,1,9956,24,12,2,4
91,2,52,1,2997,82,12,3,3
65,3,63,0,2862,66,13,5,1
26,2,57,0,2555,75,15,4,1
13,3,63,1,5070,24,22,1,1
39,3,66,1,7307,51,13,2,1
34,1,42,0,1565,42,16,5,3
5,3,67,1,8143,71,17,2,1
57,3,63,1,7100,72,19,5,2
48,2,55,1,5451,28,11,1,3
21,0,43,1,8675,63,15,2,3
5,3,42,1,9528,34,14,6,3
23,2,51,1,2122,18,14,3,2
47,0,41,0,8809,81,14,6,4
97,0,55,1,6447,52,13,4,4
16,0,52,1,4279,55,14,4,2
56,2,54,0,5052,68,8,1,3
32,1,47,1,4778,78,14,2,2
112,3,56,1,6397,33,13,7,4
94,3,56,0,6223,49,18,5,4
51,0,69,1,9312,69,16,2,3
27,2,40,1,11039,28,12,6,4
57,1,57,1,6477,38,14,6,3
40,3,48,1,5754,42,16,5,3
60,3,40,1,6406,82,16,7,3
67,3,51,1,1103,62,19,7,2
18,2,65,1,6756,53,12,6,1
56,1,65,1,2877,18,9,3,2
5,0,49,1,4470,43,15,5,2
37,0,60,1,7763,75,13,2,2
48,1,55,1,4415,67,10,2,2
55,3,50,1,6700,78,14,7,2
21,2,60,1,14228,67,15,5,2
18,2,53,1,6297,48,10,7,2
17,3,49,1,9882,16,17,3,3
63,2,46,0,3993,69,20,5,3
71,2,57,0,4134,57,12,2,3
79,1,65,0,9427,59,8,5,3
85,3,48,1,11072,81,14,5,4
9,1,43,1,3500,66,14,1,2
21,2,50,1,6072,61,12,7,2
5,0,45,1,5666,62,11,4,2
33,3,68,1,4090,53,18,6,1
46,2,50,1,8555,41,14,2,4
55,1,67,1,3897,58,17,5,2
59,2,46,1,13586,66,16,7,4
27,2,45,0,3280,65,13,7,2
14,0,66,1,11193,21,18,3,2
68,1,62,0,6398,60,13,5,3
68,0,59,0,7312,82,14,2,3
57,2,60,1,8845,22,15,3,3
5,1,56,1,500,66,15,3,1
23,0,56,1,6695,79,14,3,1
5,0,57,1,5058,64,17,7,1
41,1,50,0,6742,32,14,6,3
47,3,66,1,7989,43,17,4,2
40,0,60,1,4714,81,16,5,2
5,0,69,0,1848,78,22,1,1
77,2,53,0,4098,68,10,2,3
23,1,53,1,5752,70,13,5,1
32,0,40,0,4764,59,14,4,3
9,0,40,0,6115,84,16,1,2
48,0,53,1,10718,80,14,5,3
58,3,57,1,4130,51,13,1,2
5,2,48,0,4255,75,16,1,1
80,0,50,0,4453,18,12,4,4
53,2,59,1,1987,64,10,4,1
35,1,48,0,6180,19,16,1,4
42,3,57,1,3457,27,17,4,2
52,2,45,1,1150,29,10,7,3
39,2,51,0,7168,39,15,3,3
40,0,58,1,9462,72,12,5,3
5,3,62,1,7814,44,15,1,1
67,2,55,1,6643,71,16,7,3
92,1,42,1,1567,73,19,1,4
42,2,44,1,7287,37,17,1,4
5,2,48,1,4427,60,20,2,1
10,0,41,1,6565,29,15,4,3
48,0,55,0,8452,57,20,5,3
71,1,52,1,7068,76,17,6,4
19,0,62,1,2647,52,15,5,1
60,0,54,0,3648,57,17,7,3
60,3,40,1,4978,46,16,2,4
42,3,41,1,7388,55,12,1,3
36,2,47,1,500,80,19,3,1
77,3,56,1,3082,33,9,6,3
34,1,48,1,500,16,15,6,3
40,1,47,1,4008,43,17,3,3
45,3,64,1,5145,82,17,1,1
31,3,58,0,6390,29,18,1,2
73,3,48,0,8945,57,12,6,4
90,1,45,0,7058,27,17,4,4
35,3,60,1,8546,55,15,1,2
5,3,65,0,6767,62,14,6,1
9,3,55,0,4765,58,16,1,1
56,1,60,1,6788,81,14,3,2
54,3,51,0,4584,37,14,1,3
54,1,56,1,7018,69,17,4,3
26,2,67,1,6004,50,19,4,1
65,1,54,1,7362,31,16,7,4
97,2,60,1,5109,57,14,7,4
20,3,49,1,5950,41,16,7,2
32,1,63,1,7029,44,10,7,2
28,1,44,0,5897,50,14,2,3
32,1,56,0,8349,50,11,2,3
51,0,48,1,3118,35,20,6,4
54,1,67,1,7135,59,16,7,2
19,0,58,1,6165,19,17,7,2
91,1,42,1,7227,31,18,1,4
5,0,49,1,3661,79,21,3,1
61,3,68,0,4649,35,16,6,2
83,3,53,0,5661,34,16,6,4
16,3,44,1,9508,77,12,4,2
56,2,67,1,10838,53,16,1,3
28,2,64,0,6648,44,13,6,1
98,2,48,1,10490,50,15,7,4
86,3,55,1,5539,69,11,7,3
46,1,43,1,12164,80,16,5,4
30,1,60,0,6378,81,11,1,1
73,3,61,1,12283,59,16,6,4
30,1,64,1,5387,73,22,4,1
46,0,53,0,4131,48,14,2,3
35,0,55,1,10712,84,15,5,3
28,3,50,0,6439,36,12,6,2
6,0,68,1,3741,45,11,1,1
86,2,49,1,6323,75,12,5,4
17,1,55,0,3123,58,15,1,1
73,1,60,1,7853,28,16,6,4
23,0,63,1,9654,40,15,1,3
28,3,40,1,4196,18,15,3,3
15,3,44,0,8515,57,14,3,2
44,0,53,1,10122,30,15,6,4
48,3,61,0,5978,77,15,1,2
42,2,44,0,500,82,14,2,2
61,1,52,1,3125,23,15,2,4
12,1,55,1,4402,17,17,1,2
31,1,52,1,4378,68,17,5,2
65,3,49,0,8716,25,15,3,4
11,2,52,0,8298,62,15,3,1
18,3,57,1,6645,31,12,6,1
5,2,47,0,8058,38,17,1,2
24,0,57,1,5571,49,19,6,2
66,3,48,1,5744,69,18,3,3
51,2,64,1,10368,32,19,5,3
59,3,52,0,6407,76,6,2,3
18,1,58,1,4182,30,18,4,2
28,1,52,0,8784,66,16,6,2
5,3,53,0,3337,38,12,7,1
7,2,53,1,13261,72,15,7,2
68,3,50,1,5262,33,14,1,4
33,1,43,1,11749,82,11,1,4
5,1,42,1,3333,32,16,4,2
67,2,49,1,8283,23,16,5,4
26,0,64,1,4281,32,20,6,2
5,3,44,1,2888,17,17,2,2
9,2,40,1,5708,64,16,1,2
5,2,46,0,8656,27,15,6,3
101,3,51,1,11398,50,12,6,4
26,2,51,1,7799,72,17,3,2
34,0,41,1,8482,71,11,5,3
43,1,58,1,8511,74,12,4,2
37,3,56,1,6949,25,15,7,2
5,0,69,1,7487,78,14,2,1
56,0,45,1,6902,49,17,3,4
18,0,54,1,5909,71,13,3,1
37,2,63,1,2302,68,12,3,1
87,2,61,1,2650,41,18,7,3
39,2,49,1,5791,56,18,7,3
5,2,68,1,2233,44,15,5,1
5,0,53,1,5122,75,13,1,1
19,3,41,1,8823,37,18,6,3
5,0,50,1,6422,50,17,3,2
14,0,60,1,6963,55,14,5,1
27,3,46,1,500,71,15,4,1
14,0,57,1,6694,39,13,5,2
20,0,68,1,2701,33,12,3,1
5,1,55,1,6322,49,14,7,1
84,3,65,1,6875,72,14,7,3
61,0,64,1,5712,33,15,6,3
7,3,58,0,8036,69,17,7,1
53,1,66,1,6511,50,12,5,2
17,2,55,1,4638,16,8,4,2
51,0,56,0,5452,68,20,6,3
68,2,64,1,11400,60,13,7,3
64,2,43,0,6251,31,10,4,4
99,1,50,0,12358,45,18,6,4
18,0,63,1,500,40,10,1,1
41,0,54,1,6408,64,14,5,3
60,3,55,1,6689,28,12,5,3
52,1,52,0,8293,82,13,2,3
42,2,56,1,5960,31,12,2,3
82,3,60,1,10661,68,14,3,4
33,3,66,0,6701,75,12,1,1
18,3,61,1,6198,83,19,3,1
24,0,68,1,4219,34,16,1,1
67,0,47,1,3687,53,14,6,4
58,0,67,1,5934,44,9,3,3
53,2,47,1,4206,73,13,2,3
92,3,52,1,5309,50,14,1,4
94,2,57,1,4107,38,18,1,4
19,0,43,1,3347,17,14,7,3
55,1,49,0,8656,67,18,4,4
28,0,47,1,7718,59,16,1,3
67,3,65,0,8069,55,18,2,3
37,3,40,1,8199,73,14,1,3
30,1,65,0,6884,25,18,7,2
37,3,45,1,6753,56,16,4,3
34,1,59,1,6842,54,16,2,2
60,0,47,1,7677,46,14,4,4
5,3,62,0,5588,82,18,7,1
53,2,40,1,8798,29,14,7,4
72,1,65,1,4383,32,9,3,3
5,0,45,1,7151,69,15,3,2
5,1,45,1,4009,20,18,5,2
30,0,55,1,2779,83,16,5,1
24,1,63,0,6925,69,12,6,1
56,1,65,1,5142,83,17,6,2
72,3,43,1,9557,71,17,7,4
44,0,58,1,500,71,12,1,2
38,1,56,1,3597,21,12,7,3
43,1,55,1,7773,46,8,2,3
5,3,58,0,3900,84,7,5,1
21,1,68,1,2913,38,11,2,1
43,0,42,0,2612,24,18,1,4
49,1,61,1,1784,61,17,6,2
61,2,45,1,9009,42,15,6,4
71,1,52,1,5206,43,14,6,4
9,1,53,1,3953,38,19,7,1
64,0,60,1,5297,24,16,1,4
24,1,52,0,9717,75,20,2,3
55,1,56,1,9973,53,21,1,4
110,3,53,0,4787,60,16,2,4
88,3,54,0,500,20,20,1,4
48,2,43,1,3799,47,13,6,3
68,0,42,0,4675,29,13,1,4
42,1,40,1,6959,18,13,7,4
59,3,46,1,3266,52,16,1,3
5,3,40,0,7220,51,9,4,2
70,1,54,1,5537,81,12,7,3
95,3,40,1,10071,34,18,5,4
20,2,63,0,10034,21,14,2,2
44,2,42,1,5628,25,13,5,4
61,2,66,1,2979,74,11,7,1
9,2,44,1,500,79,13,6,1
30,0,58,1,1870,55,13,1,2
58,2,52,1,5586,47,13,5,3
35,3,60,1,6880,61,12,7,1
62,3,57,1,4750,26,11,4,3
35,1,56,0,4352,32,15,3,2
7,2,58,0,6125,17,15,6,1
5,2,58,0,2623,77,15,7,1
39,1,68,1,6772,55,15,5,1
13,1,50,1,4734,68,14,2,1
7,0,69,1,5633,83,16,7,1
75,0,53,1,2085,62,11,7,3
41,2,44,1,4335,26,18,6,3
112,1,68,1,10785,62,14,5,4
67,1,63,0,6275,72,15,4,3
58,3,53,1,7491,60,12,4,3
29,0,57,0,2923,33,14,4,2
48,0,57,1,7499,75,19,5,3
5,0,57,1,2627,32,16,3,1
5,0,61,1,6216,28,14,1,2
5,2,66,0,7675,64,8,3,1
83,0,46,1,8806,57,12,5,4
5,3,58,1,5968,67,12,1,1
68,3,68,1,5238,38,10,4,2
46,0,44,1,5704,38,11,3,4
5,0,45,0,4649,71,9,6,1
5,3,69,1,6462,85,11,1,1
13,1,63,1,6593,85,12,7,1
51,1,62,1,6141,30,16,4,3
84,0,48,1,5050,83,13,1,4
48,0,59,0,7379,71,15,4,3
67,0,43,1,9897,73,15,5,4
58,3,57,1,6068,51,17,7,3
46,1,66,1,4607,81,15,2,1
92,2,62,1,5386,71,17,7,3
22,0,54,1,6481,66,16,4,2
62,3,69,1,500,68,11,6,1
71,2,53,1,3846,19,16,1,4
5,0,63,1,11514,49,16,6,2
5,0,66,1,9129,25,17,5,2
60,2,53,1,8305,63,11,6,3
38,0,49,1,4074,23,13,7,3
25,3,52,1,500,69,17,7,1
122,0,45,1,500,84,16,7,4
21,1,65,1,9444,47,17,4,2
12,3,40,0,7398,77,13,7,2
56,1,55,0,12775,82,15,5,3
50,0,40,1,4867,58,14,3,4
68,2,58,1,14690,28,15,7,4
70,1,57,1,6524,22,15,4,4
47,0,50,1,7399,64,17,3,3
77,1,40,1,652,64,17,7,4
49,0,46,1,7732,46,13,4,4
5,1,58,1,6032,72,16,1,1
81,1,45,0,8823,61,19,4,4
65,1,69,1,6602,84,10,1,2
5,3,40,1,6874,80,16,5,1
33,0,57,0,9366,57,18,4,3
46,3,49,0,4933,66,16,5,2
5,1,60,1,7807,66,17,6,1
139,0,65,0,500,52,15,2,4
121,3,53,1,11187,41,13,1,4
86,3,63,1,11141,58,17,3,4
58,0,41,0,6201,76,14,4,4
33,0,69,0,500,75,10,2,1
45,1,53,0,8114,61,19,2,3
5,3,52,1,4413,27,10,5,1
37,2,50,1,4315,76,12,3,2
25,2,43,1,3211,80,15,2,2
48,2,46,1,9075,81,19,2,3
50,0,57,0,5441,52,13,4,3
107,2,56,1,4862,74,14,5,4
36,3,65,0,7060,64,16,5,1
41,2,61,1,500,47,13,2,1
72,1,53,1,8103,22,15,1,4
44,1,44,0,4579,74,15,7,3
9,2,63,1,5006,41,11,6,1
33,3,56,1,978,30,15,6,1
5,1,59,1,6376,69,10,1,1
5,3,61,0,4074,65,11,7,1
85,0,51,1,8338,55,10,4,4
50,2,40,1,5453,24,17,4,4
61,3,42,0,6356,37,15,5,4
5,3,56,1,9032,53,11,2,1
38,3,45,0,9476,33,15,1,4
45,2,53,0,5421,83,19,3,2
49,1,56,0,6539,82,12,7,2
79,2,62,1,4364,62,16,3,3
37,2,64,0,5448,23,15,5,2
48,2,50,0,12274,25,11,6,4
5,0,46,1,3507,54,14,2,2
5,3,46,1,2694,66,13,2,1
62,2,52,1,8400,65,13,6,3
38,3,65,1,7121,76,13,3,1
18,3,54,1,3833,85,16,6,1
58,3,40,1,12312,65,16,3,4
67,2,62,1,4872,76,16,1,2
50,0,46,0,7476,70,16,3,4
90,3,55,1,500,79,15,5,2
5,2,57,1,3799,75,14,7,1
34,0,67,0,6754,43,12,6,2
59,3,60,0,7281,34,18,3,3
12,2,51,1,6153,36,12,4,2
25,3,66,0,2925,68,6,1,1
86,3,55,0,3981,40,10,7,4
40,2,47,1,7712,37,15,6,3
42,2,63,1,7887,79,8,1,2
31,2,57,1,5648,17,16,6,2
24,3,50,0,5415,21,13,6,2
5,1,43,1,5409,22,11,5,3
43,0,60,1,7175,59,22,6,3
48,1,43,1,6354,61,17,5,4
65,1,64,1,10488,47,18,2,4
129,3,63,0,8937,28,13,5,4
44,2,69,1,3874,56,14,2,1
45,1,62,0,5055,75,18,7,2
7,3,41,1,5451,33,15,1,2
49,3,56,1,15423,59,16,6,4
109,2,58,0,5670,23,11,6,4
35,1,50,1,1990,44,13,4,2
57,2,44,0,5556,51,17,4,4
92,1,59,1,4337,56,14,5,4
31,1,65,1,5403,76,19,1,1
30,2,63,1,500,64,14,1,1
33,2,69,0,4514,78,10,4,1
32,1,69,1,6421,17,20,6,2
47,3,40,0,6146,16,15,3,4
65,2,54,1,6255,41,20,2,4
5,1,57,0,7029,71,13,7,1
27,1,65,1,2182,32,19,2,1
53,1,68,0,7684,48,15,6,2
6,0,46,0,4707,41,12,7,2
38,3,62,1,6315,81,11,1,1
33,2,62,1,4701,21,11,5,2
28,1,41,1,2927,48,19,6,3
34,3,53,0,4606,48,14,6,2
49,1,68,1,5597,40,17,1,2
65,3,58,0,7544,36,13,5,3
5,2,52,0,4112,64,13,7,1
39,1,56,0,6569,23,14,6,3
42,3,57,1,3266,65,17,5,1
5,2,40,1,4594,59,9,6,2
55,1,45,1,11540,37,11,1,4
69,1,54,1,7493,62,15,3,4
66,2,64,1,5714,73,17,1,2
5,3,66,1,2164,43,13,5,1
66,3,60,1,10299,49,13,3,3
60,2,54,0,6030,31,19,1,4
5,1,51,0,9006,69,14,1,2
32,0,54,0,7479,54,16,5,3
5,3,49,0,5139,64,10,6,1
7,0,46,1,1946,55,13,1,2
52,2,53,1,5814,54,15,6,3
45,2,63,1,10122,68,15,7,2
